name, #cases, avgTAT, avgWT, avgRT, nCS
RR,200,27874.125000,27670.324219,989.655029,4161