name, #cases, avgTAT, avgWT, avgRT, nCS
SJF,10,536.200012,385.000000,385.000000,9
RR,10,935.299988,784.099976,32.700001,156
DRRHA,10,714.599976,563.400024,264.100006,33
SJF,50,3276.320068,3093.959961,3093.959961,49
RR,50,6204.680176,6022.319824,232.479996,933
DRRHA,50,4437.560059,4255.200195,2160.120117,139
SJF,100,6930.910156,6729.470215,6729.470215,99
RR,100,13591.790039,13390.349609,485.339996,2055
DRRHA,100,9901.629883,9700.190430,4585.370117,300
SJF,150,10625.740234,10422.733398,10422.733398,149
RR,150,20963.439453,20760.433594,739.580017,3106
DRRHA,150,15610.953125,15407.946289,6758.826660,457
SJF,200,14065.620117,13861.820312,13861.820312,199
RR,200,27874.125000,27670.324219,989.655029,4161
DRRHA,200,20853.500000,20649.699219,8923.330078,617
SJF,250,17592.736328,17388.236328,17388.236328,249
RR,250,34914.500000,34710.000000,1239.728027,5222
DRRHA,250,26153.316406,25948.816406,11145.591797,773
SJF,300,20854.750000,20651.904297,20651.904297,299
RR,300,41445.503906,41242.656250,1489.846680,6220
DRRHA,300,30956.193359,30753.345703,13334.353516,926
SJF,350,24091.253906,23888.380859,23888.380859,349
RR,350,47941.941406,47739.070312,1737.945679,7261
DRRHA,350,35785.414062,35582.539062,15437.922852,1076
SJF,400,28347.898438,28140.582031,28140.582031,399
RR,400,56443.871094,56236.550781,1987.952515,8476
DRRHA,400,42455.808594,42248.500000,17980.582031,1256
SJF,450,31486.857422,31280.980469,31280.980469,449
RR,450,62742.730469,62536.851562,2239.762207,9473
DRRHA,450,47189.992188,46984.117188,20000.929688,1405
SJF,500,35062.363281,34855.585938,34855.585938,499
RR,500,69860.226562,69653.437500,2489.793945,10569
DRRHA,500,52440.449219,52233.664062,22349.408203,1549