name, #cases, avgTAT, avgWT, nCS
mDRRHA-fcfs,8,27.000000,5.500000,29
mDRRHA-sjf,8,20.000000,4.500000,20
mDRRHA-fcfs,10,27.000000,5.500000,29
mDRRHA-sjf,10,20.000000,4.500000,20
mDRRHA-fcfs,7,27.000000,5.500000,29
mDRRHA-sjf,7,20.000000,4.500000,20
mDRRHA-fcfs,7,27.000000,5.500000,29
mDRRHA-sjf,7,20.000000,4.500000,20
mDRRHA-fcfs,7,27.000000,5.500000,29
mDRRHA-sjf,7,20.000000,4.500000,20