name, #cases, avgTAT, avgWT, nCS
RR,8,31.000000,1.500000,18
DRRHA,8,24.500000,8.000000,20
mDRRHA,8,27.000000,5.500000,29
SJF,8,23.000000,9.500000,27
RR,7,31.000000,1.500000,18
DRRHA,7,24.500000,8.000000,20
mDRRHA,7,27.000000,5.500000,29
SJF,7,23.000000,9.500000,27
RR,10,31.000000,1.500000,18
DRRHA,10,24.500000,8.000000,20
mDRRHA,10,27.000000,5.500000,29
SJF,10,23.000000,9.500000,27
RR,9,23.555555,19.111111,16