name, #cases, avgTAT, avgWT, nCS
RR,8,0.000000,0.000000,0
RR,8,0.000000,0.000000,0
RR,8,0.000000,0.000000,0
RR,8,0.000000,0.000000,0