name, #cases, avgTAT, avgWT, nCS
RR,8,31.000000,1.500000,18
RR,8,24.500000,8.000000,20
RR,8,27.000000,5.500000,29
RR,8,23.000000,9.500000,27